{
    "total_downloads": 33,
    "successful_downloads": 63,
    "failed_downloads": 0,
    "total_bytes": 11457253843,
    "start_time": 1744020022.5357037,
    "peak_concurrent": 1,
    "last_saved": 1744056275.8022203
}